<?xml version="1.0" encoding="utf-8"?>
<odoo>
    <record id="cron_clean_old_loggings" model="ir.cron">
        <field name="name">Provider - Clean old logging</field>
        <field name="interval_number">30</field>
        <field name="interval_type">days</field>
        <field name="numbercall">-1</field>
        <field name="model_id" ref="model_provider_log"/>
        <field name="active" eval="True"/>
        <field name="nextcall" eval="(datetime.now() + relativedelta(days=30))"/>
        <field name="state">code</field>
        <field name="code">model.clean_old_logging()</field>
    </record>

    <record id="cron_mollie_update_methods" model="ir.cron">
        <field name="name">Mollie - update payment Methods</field>
        <field name="interval_number">5</field>
        <field name="interval_type">minutes</field>
        <field name="numbercall">-1</field>
        <field name="model_id" ref="model_payment_acquirer"/>
        <field name="active" eval="True"/>
        <field name="state">code</field>
        <field name="code">model._cron_update_mollie_methods()</field>
    </record>
</odoo>
